time,value
0,0.0
1,0.3271946967961522
2,0.618369803069737
3,0.8414709848078965
4,0.9719379013633127
5,0.9974949866040544
6,0.9182161068802741
7,0.7457052121767203
8,0.4997868015207527
9,0.206467481937796
